title,url,timestamp
Песков раскрыл подробности переговоров президентов России и США по теме Ирана и Украины,https://ria.ru/20260310/peregovory-2079676424.html,2026-03-10T13:31:12.535862
ВОЗ получила сообщения об использовании Израилем снарядов с фосфором в Ливане,https://ria.ru/20260310/fosfor-2079685292.html,2026-03-10T13:31:12.536075
В Кремле объяснили возможные ограничения связи вопросами безопасности,https://ria.ru/20260310/svyaz-2079675992.html,2026-03-10T13:31:12.536233
Средняя цена на газ в Европе достигла максимума за три года,https://ria.ru/20260310/gaz-2079667393.html,2026-03-10T13:31:12.536338
Россия завоевала второе золото на Паралимпиаде в Италии,https://ria.ru/20260310/bagiyan-2079725450.html,2026-03-10T13:31:12.536434
В США сообщили о начавшейся у Трампа панике,https://ria.ru/20260310/tramp-2079602067.html,2026-03-10T13:31:12.536531
"""Публичный позор"". Дерзкая выходка Зеленского вызвала ярость на Западе",https://ria.ru/20260310/zelenskiy-2079623084.html,2026-03-10T13:31:12.536706
Иран заявил об атаке на израильский НПЗ в Хайфе,https://ria.ru/20260310/ataka-2079643674.html,2026-03-10T13:31:12.536802
Правительство отчитается перед ЕР о выполнении программы в сфере жилья,https://ria.ru/20260310/zhkkh-2079636702.html,2026-03-10T13:31:12.536893
"Израиль нанес удар по школе в иранской провинции Маркази, пишут СМИ",https://ria.ru/20260310/izrail-2079607476.html,2026-03-10T13:31:12.536988
"На снаряде с места удара по школе в Иране была американская маркировка, пишут СМИ",https://ria.ru/20260310/iran-2079613680.html,2026-03-10T13:31:12.537088
Появились подробности о трех пропавших в Подмосковье детях,https://ria.ru/20260310/podmoskove-2079633114.html,2026-03-10T13:31:12.537252
В Иркутске задержали пьяного водителя с превышением нормы алкоголя в крови в 28 раз,https://ria.ru/20260310/irkutsk-2079653500.html,2026-03-10T13:31:12.537433
В Минпросвещения разработали программы для изучения языков народов России,https://ria.ru/20260310/shkola-2079612470.html,2026-03-10T13:31:12.537606
ВКС России сбили украинский самолет Су-27,https://ria.ru/20260310/samolet-2079661371.html,2026-03-10T13:31:12.537719
"Бортников рассказал о резонансных терактах, которые удалось предотвратить за последние годы",https://ria.ru/20260310/rossija-2079619013.html,2026-03-10T13:31:12.537808
На Солнце сформировалась новая корональная дыра,https://ria.ru/20260310/solntse-2079613891.html,2026-03-10T13:31:12.537905
"Суд ЕС отменяет до 20 процентов санкций против россиян, рассказал адвокат",https://ria.ru/20260310/sud-2079600656.html,2026-03-10T13:31:12.538034
"Синоптик пообещал москвичам на выходных погоду ""миллион на миллион""",https://ria.ru/20260310/pogoda-2079663471.html?rcmd_alg=slotter,2026-03-10T13:31:12.538192
В Подмосковье грузовик столкнулся с семью автомобилями,https://ria.ru/20260310/gruzovik-2079726007.html?rcmd_alg=slotter,2026-03-10T13:31:12.538395
СМИ: крупнейший банк Индии не начал принимать платежи за российскую нефть,https://ria.ru/20260310/bank-2079735461.html?rcmd_alg=slotter,2026-03-10T13:31:12.538508
"Путин будет поздравлять российских паралимпийцев, заявил Песков",https://ria.ru/20260310/peskov-2079672862.html?rcmd_alg=slotter,2026-03-10T13:31:12.538659
ПВО сбила 241 украинский беспилотник за сутки,https://ria.ru/20260310/pvo-2079664346.html?rcmd_alg=slotter,2026-03-10T13:31:12.538757
Трефилов прокомментировал реакцию МОК на ситуацию на Ближнем Востоке,https://ria.ru/20260310/trefilov-2079718208.html,2026-03-10T13:31:12.538859
Ротенберг обратился к Овечкину на фоне сообщений о завершении карьеры в НХЛ,https://ria.ru/20260310/nkhl-2079707241.html,2026-03-10T13:31:12.539000
"Крамаренко рассказала, что ей близок образ Коко Шанель",https://ria.ru/20260310/kramarenko-2079717581.html,2026-03-10T13:31:12.539095
Экс-футболиста сборной Англии арестовали за драку в гольф-клубе,https://ria.ru/20260310/futbol-2079705704.html,2026-03-10T13:31:12.539193
